년도	타석	홈런	삼진	볼넷	삼진비율	볼넷비율	타율	출루율	타점	예상장타율	가중출루율	예상출루율	헛스윙비율	스윙비율
1	 Semien, Marcus	2023	753	29	110	72	14.6	9.6	.276	.826	100	.427	.354	.337	18.0	47.1
2	 Acuña Jr., Ronald	2023	735	41	84	80	11.4	10.9	.337	1.012	106	.660	.428	.435	18.7	46.2
3	 Freeman, Freddie	2023	730	29	121	72	16.6	9.9	.331	.977	102	.565	.411	.403	20.4	51.0
4	 Bregman, Alex	2023	724	25	87	92	12.0	12.7	.262	.804	98	.430	.351	.368	14.1	38.7
5	 Lowe, Nathaniel	2023	724	17	165	93	22.8	12.8	.262	.774	82	.406	.340	.362	20.6	43.8
6	 Olson, Matt	2023	720	54	167	104	23.2	14.4	.283	.993	139	.558	.413	.374	28.4	46.8
7	 Schwarber, Kyle	2023	720	47	215	126	29.9	17.5	.197	.817	104	.485	.350	.362	31.5	37.7
8	 Kwan, Steven	2023	718	5	75	70	10.4	9.7	.268	.710	54	.358	.313	.353	11.1	41.2
9	 Riley, Austin	2023	715	37	172	59	24.1	8.3	.281	.861	97	.516	.363	.342	27.8	48.2
10	 Rodríguez, Julio	2023	714	32	175	47	24.5	6.6	.275	.818	103	.475	.347	.332	28.2	53.9
11	 Soto, Juan	2023	708	35	129	132	18.2	18.6	.275	.929	109	.538	.395	.420	20.4	35.8
12	 Suárez, Eugenio	2023	694	22	214	70	30.8	10.1	.232	.714	96	.419	.313	.318	32.8	44.5
13	 Witt Jr., Bobby	2023	694	30	121	40	17.4	5.8	.276	.814	96	.533	.343	.338	22.8	50.5
14	 Betts, Mookie	2023	693	39	107	96	15.4	13.9	.307	.987	107	.563	.416	.399	16.7	38.1
15	 Turner, Trea	2023	691	26	150	45	21.7	6.5	.266	.779	76	.447	.333	.320	29.6	53.1
16	 Ramírez, José	2023	691	24	73	73	10.6	10.6	.282	.831	80	.480	.346	.373	15.6	46.6
17	 Happ, Ian	2023	691	21	153	99	22.1	14.3	.248	.791	84	.427	.345	.368	25.2	44.4
18	 Hoerner, Nico	2023	688	9	83	49	12.1	7.1	.283	.729	68	.356	.322	.339	12.4	45.6
19	 Goldschmidt, Paul	2023	687	25	161	87	23.4	12.7	.268	.810	80	.491	.350	.366	27.5	44.0
20	 Lindor, Francisco	2023	687	31	137	66	19.9	9.6	.254	.806	98	.457	.346	.340	22.8	48.0
21	 Rutschman, Adley	2023	687	20	101	92	14.7	13.4	.277	.809	80	.469	.352	.389	15.6	41.0
22	 Torkelson, Spencer	2023	684	31	171	67	25.0	9.8	.233	.759	94	.484	.326	.331	24.7	46.2
23	 Springer III, George	2023	683	21	125	60	18.3	8.8	.258	.732	72	.422	.320	.335	22.3	49.3
24	 Nimmo, Brandon	2023	682	24	146	74	21.4	10.9	.274	.829	68	.453	.359	.353	22.0	42.4
25	 Thomas, Lane	2023	682	28	176	36	25.8	5.3	.268	.783	86	.436	.334	.305	23.0	43.6
26	 Guerrero Jr., Vladimir	2023	682	26	100	67	14.7	9.8	.264	.789	94	.503	.340	.378	23.0	50.6
27	 Hernández, Teoscar	2023	678	26	211	38	31.1	5.6	.258	.740	93	.476	.317	.308	35.8	53.6
28	 Tucker, Kyle	2023	674	29	92	80	13.6	11.9	.284	.886	112	.530	.372	.380	18.5	47.0
29	 Torres, Gleyber	2023	672	25	98	67	14.6	10.0	.273	.800	68	.478	.346	.357	21.8	46.8
30	 Castellanos, Nick	2023	671	29	185	36	27.6	5.4	.272	.787	106	.443	.335	.301	35.4	56.2
31	 Bogaerts, Xander	2023	665	19	110	56	16.5	8.4	.285	.790	58	.401	.343	.325	20.4	42.6
32	 France, Ty	2023	665	12	117	43	17.6	6.5	.250	.703	58	.420	.315	.354	21.9	53.2
33	 Steer, Spencer	2023	665	23	139	68	20.9	10.2	.271	.820	86	.417	.355	.341	24.1	43.8
34	 Walker, Christian	2023	661	33	127	62	19.2	9.4	.258	.830	103	.460	.351	.329	26.4	48.6
35	 Albies, Ozzie	2023	660	33	107	46	16.2	7.0	.280	.849	109	.467	.358	.325	20.6	54.6
36	 Alonso, Pete	2023	658	46	151	65	22.9	9.9	.217	.822	118	.527	.346	.343	26.2	43.7
37	 Meneses, Joey	2023	657	13	130	38	19.8	5.8	.275	.722	89	.361	.314	.295	23.6	47.6
38	 Santander, Anthony	2023	656	28	152	55	23.2	8.4	.257	.797	95	.426	.340	.309	23.5	49.0
39	 Devers, Rafael	2023	656	33	126	62	19.2	9.5	.271	.851	100	.539	.359	.363	26.1	52.6
40	 Arozarena, Randy	2023	654	23	156	80	23.9	12.2	.254	.789	83	.435	.347	.359	29.1	43.0
41	 Marte, Ketel	2023	650	25	109	71	16.8	10.9	.276	.843	82	.427	.361	.353	20.5	45.5
42	 McNeil, Jeff	2023	648	10	65	39	10.0	6.0	.270	.711	55	.340	.314	.316	13.4	53.0
43	 Carroll, Corbin	2023	645	25	125	57	19.4	8.8	.285	.868	76	.441	.370	.348	21.5	45.8
44	 Reynolds, Bryan	2023	640	24	138	53	21.6	8.3	.263	.790	84	.490	.338	.346	28.2	47.4
45	 Stott, Bryson	2023	640	15	100	39	15.6	6.1	.280	.748	62	.386	.323	.319	15.1	45.0
46	 Swanson, Dansby	2023	638	22	154	66	24.1	10.3	.244	.744	80	.458	.325	.338	28.7	47.3
47	 Crawford, J.P.	2023	638	19	125	94	19.6	14.7	.266	.818	65	.384	.359	.375	18.6	38.6
48	 Adames, Willy	2023	638	24	165	71	25.9	11.1	.217	.717	80	.436	.311	.332	31.0	50.0
49	 Tatis Jr., Fernando	2023	635	25	141	53	22.2	8.3	.257	.771	78	.508	.332	.344	30.5	54.1
50	 Peña, Jeremy	2023	634	10	129	43	20.3	6.8	.263	.705	52	.370	.310	.321	28.3	53.2
51	 Yelich, Christian	2023	632	19	140	78	22.2	12.3	.278	.817	76	.460	.353	.376	26.8	45.0
52	 García, Adolis	2023	632	39	175	65	27.7	10.3	.245	.836	107	.526	.354	.334	31.6	48.6
53	 McMahon, Ryan	2023	627	23	198	68	31.6	10.8	.240	.753	70	.445	.325	.328	32.2	47.4
54	 Turner, Justin	2023	626	23	110	51	17.6	8.1	.276	.800	96	.444	.346	.331	17.5	45.0
55	 De La Cruz, Bryan	2023	626	19	142	40	22.7	6.4	.257	.715	78	.445	.309	.321	28.7	50.1
56	 Kim, Ha-Seong	2023	626	17	124	75	19.8	12.0	.260	.749	60	.359	.330	.339	17.7	38.9
57	 Henderson, Gunnar	2023	622	28	159	56	25.6	9.0	.255	.814	82	.472	.346	.331	26.4	46.8
58	 Benintendi, Andrew	2023	621	5	89	52	14.3	8.4	.262	.682	45	.375	.299	.334	19.3	49.0
59	 Santana, Carlos	2023	619	23	104	65	16.8	10.5	.240	.747	86	.378	.323	.319	22.1	45.3
60	 Bell, Josh	2023	617	22	134	63	21.7	10.2	.247	.744	74	.457	.323	.341	25.8	47.7
61	 Arraez, Luis	2023	617	10	34	35	5.5	5.7	.354	.862	69	.458	.369	.371	7.8	51.0
62	 Giménez, Andrés	2023	616	15	112	32	18.2	5.2	.251	.713	62	.367	.309	.309	25.0	54.6
63	 Tovar, Ezequiel	2023	615	15	166	25	27.0	4.1	.253	.695	73	.386	.298	.283	31.3	59.7
64	 Vaughn, Andrew	2023	615	21	129	36	21.0	5.9	.258	.743	80	.427	.321	.309	24.1	47.5
65	 Abrams, CJ	2023	614	18	118	32	19.2	5.2	.245	.712	64	.399	.306	.301	22.3	53.5
66	 Arenado, Nolan	2023	612	26	101	41	16.5	6.7	.266	.774	93	.435	.327	.316	20.2	48.5
67	 Contreras, William	2023	611	17	126	63	20.6	10.3	.289	.824	78	.433	.357	.338	28.0	43.2
68	 Bohm, Alec	2023	611	20	94	42	15.4	6.9	.274	.764	97	.453	.329	.342	18.1	49.8
69	 Verdugo, Alex	2023	602	13	93	45	15.4	7.5	.264	.745	54	.417	.322	.340	15.6	40.9
70	 Melendez Jr., MJ	2023	602	16	170	62	28.2	10.3	.235	.714	56	.432	.310	.318	34.4	47.9
71	 Machado, Manny	2023	601	30	109	50	18.1	8.3	.258	.781	91	.458	.334	.318	23.9	49.3
72	 Bichette, Bo	2023	601	20	115	27	19.1	4.5	.306	.814	73	.502	.349	.345	21.1	56.6
73	 Volpe, Anthony	2023	601	21	167	52	27.8	8.7	.209	.666	60	.396	.290	.306	28.1	47.9
74	 Díaz, Yandy	2023	600	22	94	65	15.7	10.8	.330	.932	78	.487	.402	.391	18.3	42.6
75	 Ohtani, Shohei	2023	599	44	143	91	23.9	15.2	.304	1.066	95	.638	.433	.406	32.3	48.2
76	 Robert Jr., Luis	2023	595	38	172	30	28.9	5.0	.264	.857	80	.515	.358	.312	33.5	58.3
77	 Abreu, José	2023	594	18	130	42	21.9	7.1	.237	.679	90	.409	.295	.311	26.4	50.1
78	 Ozuna, Marcell	2023	592	40	134	57	22.6	9.6	.274	.904	100	.577	.381	.353	26.7	48.4
79	 Merrifield, Whit	2023	592	11	101	36	17.1	6.1	.272	.700	67	.335	.304	.291	19.5	51.1
80	 Gurriel Jr., Lourdes	2023	592	24	103	33	17.4	5.6	.261	.772	82	.439	.329	.313	18.7	49.1
81	 Smith, Dominic	2023	586	12	91	47	15.5	8.0	.254	.692	46	.397	.306	.329	19.9	49.0
82	 Suzuki, Seiya	2023	583	20	130	59	22.3	10.1	.285	.842	74	.469	.358	.358	21.3	40.9
83	 Chapman, Matt	2023	581	17	165	62	28.4	10.7	.240	.754	54	.457	.328	.323	31.1	43.3
84	 Varsho, Daulton	2023	581	20	135	45	23.2	7.7	.220	.674	61	.394	.293	.298	24.5	50.1
85	 Perez, Salvador	2023	580	23	135	19	23.3	3.3	.255	.714	80	.460	.302	.306	30.2	60.2
86	 Correa, Carlos	2023	580	18	131	59	22.6	10.2	.230	.711	65	.421	.309	.335	25.1	43.6
87	 Soler, Jorge	2023	580	36	141	66	24.3	11.4	.250	.853	75	.532	.361	.354	27.6	44.1
88	 Yoshida, Masataka	2023	580	15	81	34	14.0	5.9	.289	.783	72	.425	.339	.324	18.3	43.3
89	 Muncy, Max	2023	579	36	153	85	26.4	14.7	.212	.808	105	.504	.344	.353	29.6	39.3
90	 Candelario, Jeimer	2023	576	22	127	53	22.0	9.2	.251	.807	70	.407	.346	.323	24.2	47.4
91	 Paredes, Isaac	2023	571	31	104	58	18.2	10.2	.250	.840	98	.369	.362	.335	18.2	45.6
92	 Raleigh, Cal	2023	569	30	158	54	27.8	9.5	.232	.762	75	.466	.326	.307	29.9	49.7
93	 Outman, James	2023	567	23	181	68	31.9	12.0	.248	.790	70	.396	.344	.336	36.6	46.0
94	 Hays, Austin	2023	566	16	141	38	24.9	6.7	.275	.769	67	.420	.330	.296	28.3	46.6
95	 LeMahieu, DJ	2023	562	15	125	60	22.2	10.7	.243	.717	44	.393	.315	.339	19.7	39.2
96	 Ruiz, Keibert	2023	562	18	58	31	10.3	5.5	.260	.717	67	.425	.310	.321	14.3	51.1
97	 Bellinger, Cody	2023	556	26	87	40	15.6	7.2	.307	.881	97	.434	.370	.326	20.1	49.9
98	 Friedl Jr., TJ	2023	556	18	90	47	16.2	8.5	.279	.819	66	.321	.353	.318	18.2	42.2
99	 Grisham, Trent	2023	555	13	154	75	27.7	13.5	.198	.667	50	.396	.299	.332	28.3	41.6
100	 Taveras, Leody	2023	554	14	117	35	21.1	6.3	.266	.733	67	.407	.316	.320	24.2	49.4
101	 Smith, Will	2023	554	19	89	63	16.1	11.4	.261	.797	76	.435	.345	.365	19.5	45.7
102	 Renfroe, Hunter	2023	548	20	125	44	22.8	8.0	.233	.713	60	.366	.308	.291	26.4	50.8
103	 Báez, Javier	2023	547	9	125	24	22.9	4.4	.222	.592	59	.355	.261	.280	32.6	54.8
104	 Harper, Bryce	2023	546	21	119	80	21.8	14.7	.293	.900	72	.530	.384	.403	33.2	51.4
105	 Davis, J.D.	2023	546	18	152	52	27.8	9.5	.248	.737	69	.411	.321	.325	34.0	53.1
106	 Rosario, Amed	2023	545	6	99	29	18.2	5.3	.263	.683	58	.380	.297	.314	23.1	53.4
107	 Realmuto, J.T.	2023	540	20	138	35	25.6	6.5	.252	.762	63	.462	.324	.315	26.2	50.5
108	 Burger, Jake	2023	540	34	149	32	27.6	5.9	.250	.827	80	.512	.349	.329	34.1	54.0
109	 Harris II, Michael	2023	539	18	101	25	18.7	4.6	.293	.808	57	.490	.345	.342	24.4	52.9
110	 Seager, Corey	2023	536	33	88	49	16.4	9.1	.327	1.013	96	.612	.419	.381	25.0	55.1
111	 Suwinski, Jack	2023	534	26	172	75	32.2	14.0	.224	.793	74	.461	.341	.337	30.1	39.0
112	 Arcia, Orlando	2023	533	17	102	39	19.1	7.3	.264	.741	65	.398	.321	.306	24.3	46.2
113	 Estrada, Thairo	2023	530	14	120	22	22.6	4.2	.271	.731	49	.371	.316	.296	21.1	51.7
114	 Vierling, Matt	2023	530	10	112	44	21.1	8.3	.261	.717	44	.396	.315	.335	19.3	44.3
115	 India, Jonathan	2023	529	17	109	52	20.6	9.8	.244	.745	61	.424	.327	.348	22.0	38.6
116	 Edman, Tommy	2023	528	13	84	35	15.9	6.6	.248	.706	47	.390	.306	.321	16.1	45.7
117	 Díaz, Elias	2023	526	14	118	34	22.4	6.5	.267	.725	72	.376	.314	.297	28.4	54.8
118	 Rooker Jr., Brent	2023	526	30	172	49	32.7	9.3	.246	.817	69	.478	.348	.322	38.2	46.1
119	 Hayes, Ke'Bryan	2023	525	15	104	28	19.8	5.3	.271	.762	61	.436	.324	.309	21.2	45.6
120	 Anderson, Tim	2023	524	1	122	26	23.3	5.0	.245	.582	25	.335	.260	.295	25.3	53.5
121	 Drury, Brandon	2023	523	26	136	25	26.0	4.8	.262	.803	83	.440	.339	.299	30.2	51.6
122	 Cronenworth, Jake	2023	522	10	97	46	18.6	8.8	.229	.690	48	.370	.301	.321	15.9	47.6
123	 Profar, Jurickson	2023	521	9	90	50	17.3	9.6	.242	.689	46	.349	.304	.329	20.0	47.2
124	 Wade Jr., LaMonte	2023	519	17	95	76	18.3	14.6	.256	.790	45	.450	.347	.377	20.7	39.5
125	 McKinstry, Zach	2023	518	9	113	44	21.8	8.5	.231	.653	35	.395	.289	.318	20.4	47.3
126	 Straw, Myles	2023	518	1	97	42	18.7	8.1	.238	.598	29	.300	.268	.303	14.0	44.0
127	 Stephenson, Tyler	2023	517	13	135	47	26.1	9.1	.243	.695	56	.397	.305	.318	28.4	42.5
128	 Rosario, Eddie	2023	516	21	122	34	23.6	6.6	.255	.755	74	.436	.322	.304	29.7	57.4
129	 Garcia, Maikel	2023	515	4	115	38	22.3	7.4	.272	.681	50	.393	.299	.330	19.5	43.1
130	 Jung, Josh	2023	515	23	151	30	29.3	5.8	.266	.782	70	.482	.334	.309	29.7	51.8
131	 Hernández, Enrique	2023	508	11	97	34	19.1	6.7	.237	.646	61	.337	.282	.280	23.6	46.7
132	 Canha, Mark	2023	507	11	79	49	15.6	9.7	.262	.755	62	.381	.333	.345	18.3	41.6
133	 Nootbaar, Lars	2023	503	14	99	72	19.7	14.3	.261	.785	46	.436	.344	.372	18.2	35.5
134	 Casas, Triston	2023	502	24	126	70	25.1	13.9	.263	.857	65	.500	.367	.360	28.1	43.6
135	 Semien, Marcus	2022	724	26	120	53	16.6	7.3	.248	.733	83	.394	.317	.301	20.6	47.2
136	 Freeman, Freddie	2022	708	21	102	84	14.4	11.9	.325	.918	100	.538	.393	.400	19.5	49.3
137	 Turner, Trea	2022	708	21	131	45	18.5	6.4	.298	.809	100	.432	.350	.327	26.3	51.2
138	 Lindor, Francisco	2022	706	26	133	59	18.8	8.4	.270	.788	107	.427	.342	.326	22.9	47.8
139	 Guerrero Jr., Vladimir	2022	706	32	116	58	16.4	8.2	.274	.819	97	.464	.351	.345	24.4	49.7
140	 Olson, Matt	2022	699	34	170	75	24.3	10.7	.240	.802	103	.467	.344	.334	28.9	49.5
141	 Bichette, Bo	2022	697	24	155	41	22.2	5.9	.290	.802	93	.444	.347	.322	23.0	55.9
142	 Judge, Aaron	2022	696	62	175	111	25.1	15.9	.311	1.111	131	.706	.458	.422	29.8	42.7
143	 Swanson, Dansby	2022	696	25	182	49	26.1	7.0	.277	.776	96	.461	.337	.314	30.7	49.4
144	 Riley, Austin	2022	693	38	168	57	24.2	8.2	.273	.877	93	.531	.377	.348	27.6	51.5
145	 Ramírez, José	2022	685	29	82	69	12.0	10.1	.280	.869	126	.408	.363	.337	15.1	46.3
146	 Alonso, Pete	2022	685	40	128	67	18.7	9.8	.271	.870	131	.486	.366	.345	24.2	49.9
147	 Cronenworth, Jake	2022	684	17	131	70	19.2	10.2	.239	.722	88	.356	.318	.319	18.0	41.8
148	 Abreu, José	2022	679	15	110	62	16.2	9.1	.304	.824	75	.486	.361	.372	23.2	47.3
149	 Nimmo, Brandon	2022	673	16	116	71	17.2	10.5	.274	.800	64	.403	.353	.353	19.6	43.8
150	 Hoskins, Rhys	2022	672	30	169	72	25.1	10.7	.246	.794	79	.445	.345	.327	25.7	41.9
151	 Mullins II, Cedric	2022	672	16	126	47	18.8	7.0	.258	.721	64	.349	.315	.297	22.2	51.3
152	 Yelich, Christian	2022	671	14	162	88	24.1	13.1	.252	.738	57	.404	.328	.360	25.0	43.2
153	 Rosario, Amed	2022	670	11	111	25	16.6	3.7	.283	.715	71	.396	.311	.308	21.0	53.1
154	 Schwarber, Kyle	2022	669	46	200	86	29.9	12.9	.218	.827	94	.535	.355	.341	29.0	40.6
155	 Walker, Christian	2022	667	36	131	69	19.6	10.3	.242	.804	94	.484	.346	.343	24.6	44.7
156	 Ohtani, Shohei	2022	666	34	161	72	24.2	10.8	.273	.875	95	.549	.370	.358	28.1	49.3
157	 Soto, Juan	2022	664	27	96	135	14.5	20.3	.242	.853	62	.501	.376	.420	19.2	35.5
158	 Seager, Corey	2022	663	33	103	58	15.5	8.7	.245	.772	83	.510	.331	.354	26.5	54.5
159	 Profar, Jurickson	2022	658	15	103	73	15.7	11.1	.243	.722	58	.359	.320	.340	18.7	43.6
160	 García, Adolis	2022	657	27	183	40	27.9	6.1	.250	.756	101	.447	.324	.296	33.5	53.5
161	 Bregman, Alex	2022	656	23	77	87	11.7	13.3	.259	.820	93	.416	.358	.369	14.9	40.3
162	 Goldschmidt, Paul	2022	651	35	141	79	21.7	12.1	.317	.982	115	.482	.419	.357	26.8	41.7
163	 Bell, Josh	2022	647	17	102	81	15.8	12.5	.266	.784	71	.424	.344	.369	21.7	45.3
164	 Santander, Anthony	2022	647	33	122	55	18.9	8.5	.240	.773	89	.471	.336	.335	21.5	47.7
165	 Lowe, Nathaniel	2022	645	27	147	48	22.8	7.4	.302	.850	76	.459	.368	.333	24.9	52.2
166	 Arozarena, Randy	2022	645	20	156	46	24.2	7.1	.263	.772	89	.382	.336	.301	28.6	46.1
167	 Machado, Manny	2022	644	32	133	63	20.7	9.8	.298	.897	102	.447	.382	.338	24.9	50.8
168	 Verdugo, Alex	2022	644	11	86	42	13.4	6.5	.280	.733	74	.428	.319	.327	15.5	45.3
169	 Happ, Ian	2022	641	17	149	58	23.2	9.0	.271	.782	72	.379	.339	.315	27.2	49.0
170	 Betts, Mookie	2022	639	35	104	55	16.3	8.6	.269	.873	82	.465	.373	.327	16.5	44.2
171	 Kwan, Steven	2022	638	6	60	62	9.4	9.7	.298	.773	52	.341	.341	.348	9.0	38.1
172	 Cron, C.J.	2022	632	29	164	43	25.9	6.8	.257	.783	102	.435	.335	.305	24.3	47.7
173	 Witt Jr., Bobby	2022	632	20	135	30	21.4	4.7	.254	.722	80	.427	.311	.294	25.2	51.8
174	 Bogaerts, Xander	2022	631	15	118	57	18.7	9.0	.307	.833	73	.383	.363	.338	24.8	45.7
175	 Bohm, Alec	2022	631	13	110	31	17.4	4.9	.280	.713	72	.436	.310	.327	21.1	51.2
176	 Edman, Tommy	2022	630	13	111	46	17.6	7.3	.265	.724	57	.380	.318	.318	20.6	47.0
177	 Suárez, Eugenio	2022	629	31	196	73	31.2	11.6	.236	.791	87	.454	.344	.321	33.1	41.8
178	 Pham, Tommy	2022	622	17	167	56	26.8	9.0	.236	.686	63	.383	.304	.315	26.0	42.0
179	 Chapman, Matt	2022	621	27	170	68	27.4	11.0	.229	.757	76	.440	.331	.331	28.7	41.7
180	 Arenado, Nolan	2022	620	30	72	52	11.6	8.4	.293	.891	103	.445	.381	.335	19.1	48.4
181	 Hernández, César	2022	617	1	114	45	18.5	7.3	.248	.629	34	.329	.283	.312	20.4	47.5
182	 Adames, Willy	2022	617	31	166	49	26.9	7.9	.238	.756	98	.451	.325	.299	28.2	49.6
183	 Devers, Rafael	2022	614	27	114	50	18.6	8.1	.295	.879	88	.497	.373	.348	28.1	54.6
184	 Reynolds, Bryan	2022	614	27	141	56	23.0	9.1	.262	.806	62	.416	.349	.334	27.7	50.4
185	 France, Ty	2022	613	20	94	35	15.3	5.7	.274	.774	83	.397	.337	.330	19.3	52.5
186	 Murphy, Sean	2022	612	18	124	56	20.3	9.2	.250	.758	66	.439	.331	.340	24.0	49.3
187	 Mountcastle, Ryan	2022	609	22	154	43	25.3	7.1	.250	.728	85	.509	.316	.332	29.8	56.2
188	 Tucker, Kyle	2022	609	30	95	59	15.6	9.7	.257	.808	107	.482	.348	.336	19.9	52.7
189	 Altuve, Jose	2022	604	28	87	66	14.4	10.9	.300	.920	57	.440	.397	.362	16.2	44.3
190	 Crawford, J.P.	2022	603	6	80	68	13.3	11.3	.243	.675	42	.337	.306	.353	14.3	41.3
191	 Arraez, Luis	2022	603	8	43	50	7.1	8.3	.316	.795	49	.408	.350	.350	7.1	42.9
192	 Flores, Wilmer	2022	602	19	103	59	17.1	9.8	.229	.710	71	.370	.312	.322	18.9	45.6
193	 Frazier, Adam	2022	602	3	73	46	12.1	7.6	.238	.612	42	.339	.274	.324	14.4	48.7
194	 Tellez, Rowdy	2022	599	35	121	62	20.2	10.4	.219	.767	89	.479	.327	.337	23.8	43.5
195	 McMahon, Ryan	2022	597	20	158	60	26.5	10.1	.246	.741	67	.423	.326	.329	28.2	45.2
196	 Martinez, J.D.	2022	596	16	145	52	24.3	8.7	.274	.789	62	.471	.343	.330	30.1	51.9
197	 Straw, Myles	2022	596	0	87	54	14.6	9.1	.221	.564	32	.301	.257	.306	12.6	40.5
198	 Varsho, Daulton	2022	592	27	145	46	24.5	7.8	.235	.745	74	.389	.323	.285	25.2	50.6
199	 Báez, Javier	2022	590	17	147	26	24.9	4.4	.238	.671	67	.374	.291	.268	35.8	55.8
200	 Correa, Carlos	2022	590	22	121	61	20.5	10.3	.291	.833	64	.484	.362	.353	22.0	44.4
201	 McNeil, Jeff	2022	589	9	61	40	10.4	6.8	.326	.836	62	.389	.365	.341	15.9	53.8
202	 Mancini III, Trey	2022	587	18	135	53	23.0	9.0	.239	.710	63	.410	.312	.328	27.4	48.1
203	 Gurriel, Yuli	2022	584	8	73	30	12.5	5.1	.242	.648	53	.319	.285	.286	14.3	48.5
204	 Springer III, George	2022	583	25	100	54	17.2	9.3	.267	.814	76	.437	.352	.342	28.2	50.9
205	 Farmer, Kyle	2022	583	14	99	33	17.0	5.7	.255	.701	78	.380	.309	.320	19.2	50.3
206	 Hays, Austin	2022	582	16	114	34	19.6	5.8	.250	.719	60	.372	.314	.298	23.5	51.0
207	 Kim, Ha-Seong	2022	582	11	100	51	17.2	8.8	.251	.708	59	.368	.313	.324	19.1	43.3
208	 Rodgers, Brendan	2022	581	13	101	46	17.4	7.9	.266	.733	63	.404	.321	.330	22.7	49.4
209	 McCutchen, Andrew	2022	580	17	124	57	21.4	9.8	.237	.700	69	.406	.309	.329	24.2	44.9
210	 Smith, Will	2022	578	24	96	56	16.6	9.7	.260	.808	87	.473	.349	.341	19.3	42.6
211	 Blackmon, Charlie	2022	577	16	109	32	18.9	5.5	.264	.733	78	.376	.317	.308	21.4	51.5
212	 Andrus, Elvis	2022	577	17	92	39	15.9	6.8	.249	.707	58	.360	.310	.300	21.4	45.6
213	 Torres, Gleyber	2022	572	24	129	39	22.6	6.8	.257	.761	76	.441	.328	.298	27.1	49.6
214	 Voit III, Luke	2022	568	22	179	55	31.5	9.7	.226	.710	69	.434	.311	.306	37.6	52.0
215	 Drury, Brandon	2022	568	28	126	38	22.2	6.7	.263	.812	87	.420	.350	.303	21.5	45.9
216	 Muncy, Max	2022	565	21	141	90	25.0	15.9	.196	.713	69	.417	.318	.342	26.1	38.6
217	 Ward, Taylor	2022	564	23	120	60	21.3	10.6	.281	.833	65	.474	.362	.352	22.2	41.4
218	 Realmuto, J.T.	2022	562	22	119	41	21.2	7.3	.276	.820	84	.463	.354	.342	25.7	49.0
219	 Alvarez, Yordan	2022	561	37	106	78	18.9	13.9	.306	1.019	97	.672	.427	.430	23.4	42.7
220	 Hayes, Ke'Bryan	2022	560	7	122	48	21.8	8.6	.244	.659	41	.350	.294	.318	20.7	43.3
221	 Rodríguez, Julio	2022	560	28	145	40	25.9	7.1	.284	.854	75	.460	.366	.319	30.4	50.2
222	 Yastrzemski, Mike	2022	558	17	141	61	25.3	10.9	.214	.697	57	.392	.307	.313	22.5	42.9
223	 Castellanos, Nick	2022	558	13	130	29	23.3	5.2	.263	.694	62	.395	.304	.293	32.2	57.0
224	 Marte, Ketel	2022	558	12	101	55	18.1	9.9	.240	.728	52	.377	.317	.333	20.7	46.1
225	 Kemp, Tony	2022	558	7	69	45	12.4	8.1	.235	.641	46	.291	.287	.294	13.1	48.9
226	 Díaz, Yandy	2022	558	9	60	78	10.8	14.0	.296	.824	57	.424	.366	.395	14.3	41.3
227	 Peña, Jeremy	2022	558	22	135	22	24.2	3.9	.253	.715	63	.397	.309	.285	29.7	55.2
228	 Giménez, Andrés	2022	557	17	112	34	20.1	6.1	.297	.837	69	.400	.364	.336	26.2	53.7
229	 Brown, Seth	2022	555	25	146	51	26.3	9.2	.230	.749	73	.454	.323	.324	29.6	48.3
230	 Vaughn, Andrew	2022	555	17	96	31	17.3	5.6	.271	.750	76	.415	.327	.311	21.0	47.0
231	 Urshela, Gio	2022	551	13	96	41	17.4	7.4	.285	.767	64	.416	.332	.324	21.4	53.1
232	 Merrifield, Whit	2022	550	11	85	38	15.5	6.9	.250	.673	58	.356	.294	.292	19.4	50.9
233	 Bellinger, Cody	2022	550	19	150	38	27.3	6.9	.210	.654	68	.354	.284	.271	27.2	49.9
234	 Rizzo, Anthony	2022	548	32	101	58	18.4	10.6	.224	.818	75	.454	.352	.350	22.8	46.1
235	 Thomas, Lane	2022	548	17	132	41	24.1	7.5	.241	.705	52	.357	.308	.286	21.1	44.1
236	 Winker, Jesse	2022	547	14	103	84	18.8	15.4	.219	.688	53	.403	.313	.369	19.9	43.3
237	 Donaldson, Josh	2022	546	15	148	54	27.1	9.9	.222	.682	62	.370	.302	.303	33.2	47.3
238	 Escobar, Eduardo	2022	542	20	129	40	23.8	7.4	.240	.725	69	.427	.311	.300	27.7	52.4
239	 Canha, Mark	2022	542	13	97	48	17.9	8.9	.266	.770	61	.362	.343	.351	22.1	42.9
240	 LeMahieu, DJ	2022	541	12	71	67	13.1	12.4	.261	.734	46	.403	.329	.369	15.7	39.5
241	 Estrada, Thairo	2022	541	14	89	33	16.5	6.1	.260	.722	62	.352	.317	.312	19.7	49.2
242	 Kirk, Alejandro	2022	541	14	58	63	10.7	11.6	.285	.787	63	.431	.347	.367	15.4	41.0
243	 Grichuk, Randal	2022	538	19	127	24	23.6	4.5	.259	.724	73	.370	.315	.271	24.7	50.6
244	 Hernández, Teoscar	2022	535	25	152	34	28.4	6.4	.267	.807	77	.501	.348	.314	35.1	48.8
245	 Wisdom, Patrick	2022	534	25	183	53	34.3	9.9	.207	.724	66	.380	.316	.284	36.4	48.1
246	 Melendez Jr., MJ	2022	534	18	131	66	24.5	12.4	.217	.706	62	.410	.310	.334	27.8	44.6
247	 Mateo, Jorge	2022	533	13	147	27	27.6	5.1	.221	.646	50	.344	.281	.269	30.9	53.9
248	 Acuña Jr., Ronald	2022	533	15	126	53	23.6	9.9	.266	.764	50	.484	.335	.358	24.9	47.9
249	 Turner, Justin	2022	532	13	89	50	16.7	9.4	.278	.788	81	.427	.343	.343	20.3	48.2
250	 Kiner-Falefa, Isiah	2022	531	4	72	35	13.6	6.6	.261	.641	48	.333	.285	.317	11.2	44.7
251	 Pollock, AJ	2022	527	14	98	32	18.6	6.1	.245	.681	56	.419	.297	.305	24.7	53.6
252	 Grisham, Trent	2022	524	17	150	57	28.6	10.9	.184	.625	53	.358	.280	.303	26.2	38.7
253	 Renfroe, Hunter	2022	522	29	121	39	23.2	7.5	.255	.807	72	.438	.347	.303	27.0	47.8
254	 Benintendi, Andrew	2022	521	5	77	52	14.8	10.0	.304	.772	51	.407	.342	.347	20.7	48.2
255	 Hoerner, Nico	2022	517	10	57	28	11.0	5.4	.281	.737	55	.367	.320	.318	14.2	49.2
256	 Rengifo, Luis	2022	511	17	79	17	15.5	3.3	.264	.723	52	.392	.314	.285	21.5	55.7
257	 Schoop, Jonathan	2022	510	11	107	19	21.0	3.7	.202	.561	38	.338	.245	.267	28.2	55.5
258	 Rojas, Josh	2022	510	9	98	55	19.2	10.8	.269	.740	56	.361	.326	.324	22.2	41.0
259	 Cruz Jr., Nelson	2022	507	10	119	49	23.5	9.7	.234	.650	64	.399	.292	.323	32.0	50.8
260	 Rojas, Miguel	2022	507	6	61	26	12.0	5.1	.236	.606	36	.347	.268	.310	15.5	47.9
261	 Ozuna, Marcell	2022	507	23	122	31	24.1	6.1	.226	.687	56	.475	.298	.300	28.7	49.4
262	 Aguilar, Jesús	2022	507	16	119	28	23.5	5.5	.235	.660	51	.393	.288	.288	27.0	49.5
263	 Santana, Carlos	2022	506	19	88	71	17.4	14.0	.202	.692	60	.438	.308	.361	21.3	42.6
264	 Marte, Starling	2022	505	16	97	26	19.2	5.1	.292	.815	63	.428	.355	.332	24.0	49.8
265	 Semien, Marcus	2021	724	45	146	66	20.2	9.1	.265	.872	102	.459	.368	.320	21.5	45.1
266	 Merrifield, Whit	2021	720	10	103	40	14.3	5.6	.277	.712	74	.383	.306	.306	18.1	50.0
267	 Guerrero Jr., Vladimir	2021	698	48	110	86	15.8	12.3	.311	1.002	111	.597	.419	.402	27.8	47.3
268	 Freeman, Freddie	2021	695	31	107	85	15.4	12.2	.300	.896	83	.583	.379	.410	21.0	51.2
269	 Haniger, Mitch	2021	691	39	169	54	24.5	7.8	.253	.803	100	.492	.340	.325	29.8	46.6
270	 Edman, Tommy	2021	691	11	95	38	13.7	5.5	.262	.695	56	.401	.301	.320	14.9	47.4
271	 Bichette, Bo	2021	690	29	137	40	19.9	5.8	.298	.827	102	.490	.354	.337	22.3	57.8
272	 Crawford, J.P.	2021	687	9	114	58	16.6	8.4	.273	.714	54	.339	.314	.325	15.5	44.2
273	 Albies, Ozzie	2021	686	30	128	47	18.7	6.9	.259	.798	106	.461	.336	.309	24.9	56.8
274	 Goldschmidt, Paul	2021	679	31	136	67	20.0	9.9	.294	.879	99	.575	.373	.366	24.9	44.2
275	 LeMahieu, DJ	2021	679	10	94	73	13.8	10.8	.268	.711	57	.397	.315	.366	14.4	41.4
276	 Altuve, Jose	2021	678	31	91	66	13.4	9.7	.278	.839	83	.421	.357	.339	15.9	47.4
277	 Kiner-Falefa, Isiah	2021	677	8	90	28	13.3	4.1	.271	.669	53	.349	.293	.309	14.5	46.5
278	 Mullins II, Cedric	2021	675	30	125	59	18.5	8.7	.291	.878	59	.447	.372	.344	20.4	46.3
279	 Schoop, Jonathan	2021	674	22	133	37	19.7	5.5	.278	.755	84	.404	.324	.305	24.7	52.5
280	 Olson, Matt	2021	673	39	113	88	16.8	13.1	.271	.911	111	.507	.379	.374	23.0	47.0
281	 Grossman, Robbie	2021	671	23	155	98	23.1	14.6	.239	.772	67	.399	.337	.355	21.6	38.4
282	 Seager, Kyle	2021	670	35	161	59	24.0	8.8	.212	.723	101	.452	.308	.294	29.6	49.6
283	 Perez, Salvador	2021	665	48	170	28	25.6	4.2	.273	.860	121	.562	.359	.318	33.7	58.9
284	 Fletcher, David	2021	665	2	60	31	9.0	4.7	.262	.621	47	.320	.273	.307	9.5	46.5
285	 Devers, Rafael	2021	664	38	143	62	21.5	9.3	.279	.890	113	.567	.373	.366	27.7	53.6
286	 Riley, Austin	2021	662	33	168	52	25.4	7.9	.303	.898	107	.511	.379	.348	28.3	50.2
287	 Santana, Carlos	2021	659	19	102	86	15.5	13.1	.214	.661	69	.421	.294	.345	22.2	43.4
288	 Abreu, José	2021	659	30	143	61	21.7	9.3	.261	.832	117	.457	.354	.347	27.7	48.4
289	 Soto, Juan	2021	654	29	93	145	14.2	22.2	.313	.999	95	.545	.420	.463	20.0	35.0
290	 Arenado, Nolan	2021	653	34	96	50	14.7	7.7	.255	.806	105	.420	.336	.308	18.5	46.8
291	 Swanson, Dansby	2021	653	27	167	52	25.6	8.0	.248	.760	88	.455	.322	.316	30.4	48.1
292	 France, Ty	2021	650	18	106	46	16.3	7.1	.291	.813	73	.435	.353	.353	19.1	50.3
293	 Turner, Trea	2021	646	28	110	41	17.0	6.3	.328	.911	77	.485	.386	.355	23.0	49.2
294	 Reynolds, Bryan	2021	646	24	119	75	18.4	11.6	.302	.912	90	.523	.385	.384	23.9	48.9
295	 Polanco, Jorge	2021	644	33	118	45	18.3	7.0	.269	.826	98	.488	.349	.323	19.7	49.5
296	 Cronenworth, Jake	2021	643	21	90	55	14.0	8.6	.266	.800	71	.443	.341	.351	13.7	43.2
297	 Lowe, Nathaniel	2021	642	18	162	80	25.2	12.5	.264	.772	72	.401	.337	.333	23.5	44.7
298	 Machado, Manny	2021	640	28	102	63	15.9	9.8	.278	.836	106	.526	.350	.363	23.0	48.0
299	 Correa, Carlos	2021	640	26	116	75	18.1	11.7	.279	.851	92	.482	.364	.380	20.9	42.1
300	 Frazier, Adam	2021	639	5	69	48	10.8	7.5	.305	.779	43	.376	.341	.353	12.4	47.6
301	 Ohtani, Shohei	2021	639	46	189	96	29.6	15.0	.257	.964	100	.612	.393	.382	35.0	45.8
302	 Straw, Myles	2021	638	4	121	67	19.0	10.5	.271	.697	48	.333	.311	.336	13.5	40.4
303	 Hernández, César	2021	637	21	135	59	21.2	9.3	.232	.694	62	.386	.302	.319	22.0	47.1
304	 Alonso, Pete	2021	637	37	127	60	19.9	9.4	.262	.863	94	.542	.363	.352	24.9	49.3
305	 Ramírez, José	2021	636	36	87	72	13.7	11.3	.266	.893	103	.508	.372	.373	14.9	43.0
306	 Martinez, J.D.	2021	634	28	150	55	23.7	8.7	.286	.867	99	.533	.364	.352	29.2	54.2
307	 Judge, Aaron	2021	633	39	158	75	25.0	11.8	.287	.917	98	.594	.387	.394	29.1	42.5
308	 India, Jonathan	2021	631	21	141	71	22.3	11.3	.269	.835	69	.436	.363	.364	25.1	39.0
309	 Candelario, Jeimer	2021	626	16	135	65	21.6	10.4	.271	.794	67	.462	.344	.358	23.4	47.6
310	 Canha, Mark	2021	625	17	128	77	20.5	12.3	.231	.745	61	.378	.333	.358	21.5	40.5
311	 Chapman, Matt	2021	622	27	202	80	32.5	12.9	.210	.717	72	.423	.311	.315	32.7	44.6
312	 García, Adolis	2021	622	31	194	32	31.2	5.1	.243	.740	90	.422	.314	.267	34.2	54.1
313	 Carlson, Dylan	2021	619	18	152	57	24.6	9.2	.266	.780	65	.407	.336	.328	27.9	45.0
314	 Gallo, Joey	2021	616	38	213	111	34.6	18.0	.199	.809	77	.460	.348	.352	38.8	40.4
315	 Mancini III, Trey	2021	616	21	143	51	23.2	8.3	.255	.758	71	.452	.326	.337	29.6	47.0
316	 Moncada, Yoán	2021	616	14	157	84	25.5	13.6	.263	.787	61	.426	.347	.374	28.1	42.6
317	 Lowe, Brandon	2021	615	39	167	68	27.2	11.1	.247	.863	99	.499	.363	.343	32.8	52.5
318	 Turner, Justin	2021	612	27	98	61	16.0	10.0	.278	.832	87	.470	.358	.358	17.7	44.5
319	 Gurriel, Yuli	2021	605	15	68	59	11.2	9.8	.319	.845	81	.386	.363	.347	13.9	42.8
320	 Verdugo, Alex	2021	604	13	96	51	15.9	8.4	.289	.777	63	.446	.334	.348	17.7	44.7
321	 Arozarena, Randy	2021	604	20	170	56	28.1	9.3	.274	.815	69	.369	.350	.313	32.4	44.2
322	 Bogaerts, Xander	2021	603	23	113	62	18.7	10.3	.295	.863	79	.468	.368	.359	22.0	45.7
323	 Soler, Jorge	2021	602	27	142	67	23.6	11.1	.223	.748	70	.494	.323	.341	29.2	44.8
324	 Escobar, Eduardo	2021	599	28	124	48	20.7	8.0	.253	.786	90	.453	.334	.310	23.9	49.5
325	 Harper, Bryce	2021	599	35	134	100	22.4	16.7	.309	1.044	84	.609	.431	.423	31.9	47.5
326	 Alvarez, Yordan	2021	598	33	145	50	24.2	8.4	.277	.877	104	.570	.369	.351	22.7	43.1
327	 McMahon, Ryan	2021	596	23	147	59	24.7	9.9	.254	.780	86	.426	.334	.323	29.2	48.8
328	 Story, Trevor	2021	595	24	139	53	23.4	8.9	.251	.800	75	.450	.341	.326	27.4	50.8
329	 Hernández, Teoscar	2021	595	32	148	36	24.9	6.1	.296	.870	116	.537	.369	.336	31.8	51.8
330	 Muncy, Max	2021	592	36	120	83	20.3	14.0	.249	.895	94	.580	.379	.387	23.4	37.6
331	 Meadows, Austin	2021	591	27	122	59	20.6	10.0	.234	.773	106	.425	.327	.325	24.4	46.7
332	 Rosario, Amed	2021	588	11	120	31	20.4	5.3	.282	.730	57	.368	.315	.310	24.8	48.9
333	 Bryant, Kris	2021	586	25	135	62	23.0	10.6	.265	.834	73	.449	.356	.349	28.0	48.7
334	 Mountcastle, Ryan	2021	586	33	161	41	27.5	7.0	.255	.796	89	.457	.335	.303	31.6	55.1
335	 Hernández, Enrique	2021	585	20	110	61	18.8	10.4	.250	.786	60	.455	.338	.342	23.5	44.6
336	 Castellanos, Nick	2021	585	34	121	41	20.7	7.0	.309	.938	100	.535	.391	.350	30.6	55.0
337	 Walsh, Jared	2021	585	29	152	48	26.0	8.2	.277	.849	98	.434	.357	.322	26.0	49.3
338	 Cruz Jr., Nelson	2021	584	32	126	51	21.6	8.7	.265	.831	86	.512	.346	.341	30.7	51.0
339	 Blackmon, Charlie	2021	582	13	91	54	15.6	9.3	.270	.762	78	.450	.333	.369	20.2	47.3
340	 Taylor, Chris	2021	582	20	167	63	28.7	10.8	.254	.782	73	.422	.338	.330	32.7	45.6
341	 Stanton, Giancarlo	2021	579	35	157	63	27.1	10.9	.273	.870	97	.498	.370	.346	32.6	44.2
342	 Rizzo, Anthony	2021	576	22	87	52	15.1	9.0	.248	.784	61	.434	.339	.356	20.8	46.5
343	 McCutchen, Andrew	2021	574	27	132	81	23.0	14.1	.222	.778	80	.431	.335	.352	25.9	41.7
344	 Suárez, Eugenio	2021	574	31	171	56	29.8	9.8	.198	.714	79	.455	.306	.302	29.5	42.7
345	 Renfroe, Hunter	2021	572	31	130	44	22.7	7.7	.259	.816	96	.506	.344	.320	25.9	48.2
346	 Urías, Luis	2021	570	23	116	63	20.4	11.1	.249	.790	75	.427	.340	.338	22.8	46.3
347	 Bell, Josh	2021	568	27	101	65	17.8	11.4	.261	.823	88	.488	.352	.363	24.1	46.7
348	 Segura, Jean	2021	567	14	78	39	13.8	6.9	.290	.784	58	.396	.338	.328	17.1	48.7
349	 Tucker, Kyle	2021	567	30	90	53	15.9	9.3	.294	.916	92	.576	.383	.369	20.3	52.5
350	 Hosmer, Eric	2021	565	12	99	48	17.5	8.5	.269	.732	65	.406	.319	.337	22.9	48.3
351	 Lopez, Nicky	2021	565	2	74	49	13.1	8.7	.300	.743	43	.305	.329	.313	15.4	45.1
352	 Pham, Tommy	2021	561	15	128	78	22.8	13.9	.229	.723	49	.438	.318	.362	23.6	38.2
353	 Harrison, Josh	2021	558	8	75	31	13.4	5.6	.279	.741	60	.420	.325	.340	18.8	55.4
354	 Duvall, Adam	2021	555	38	174	35	31.4	6.3	.228	.772	113	.499	.324	.281	29.3	50.0
355	 Adames, Willy	2021	555	25	156	57	28.1	10.3	.262	.818	73	.438	.349	.314	32.6	48.9
356	 Newman, Kevin	2021	554	5	41	27	7.4	4.9	.226	.574	39	.330	.249	.293	11.8	44.9
357	 Anderson, Tim	2021	551	17	119	22	21.6	4.0	.309	.807	61	.442	.345	.308	25.9	57.8
358	 Betts, Mookie	2021	550	23	86	68	15.6	12.4	.264	.854	58	.445	.365	.369	16.8	40.4
359	 Rojas, Josh	2021	550	11	137	58	24.9	10.5	.264	.752	44	.352	.327	.313	23.5	42.2
360	 Crawford, Brandon	2021	549	24	105	56	19.1	10.2	.298	.895	90	.492	.377	.341	29.3	51.7
361	 Cron, C.J.	2021	547	28	117	60	21.4	11.0	.281	.905	92	.481	.383	.360	27.4	47.1
362	 Báez, Javier	2021	547	31	184	28	33.6	5.1	.265	.813	87	.450	.344	.295	40.5	56.9
363	 Tatis Jr., Fernando	2021	546	42	153	62	28.0	11.4	.282	.975	97	.615	.403	.363	34.8	51.5
364	 Grichuk, Randal	2021	545	22	114	27	20.9	5.0	.241	.704	81	.402	.300	.278	23.2	52.3
365	 Smith, Pavin	2021	545	11	106	42	19.4	7.7	.267	.732	49	.402	.318	.321	17.3	42.1
366	 Donaldson, Josh	2021	543	26	114	74	21.0	13.6	.247	.827	72	.542	.353	.372	27.6	45.2
367	 Dozier, Hunter	2021	543	16	154	43	28.4	7.9	.216	.679	54	.388	.293	.295	32.4	48.8
368	 Andrus, Elvis	2021	541	3	81	31	15.0	5.7	.243	.614	37	.375	.270	.324	19.6	48.9
369	 Díaz, Yandy	2021	541	13	85	69	15.7	12.8	.256	.740	64	.399	.325	.353	19.3	42.6
370	 Gurriel Jr., Lourdes	2021	541	21	102	32	18.9	5.9	.276	.785	84	.462	.333	.319	24.2	50.9
371	 Rojas, Miguel	2021	539	9	74	37	13.7	6.9	.265	.714	48	.345	.311	.308	19.3	45.7
372	 Peralta, David	2021	538	8	92	46	17.1	8.6	.259	.727	63	.345	.314	.313	21.3	46.5
373	 Benintendi, Andrew	2021	538	17	97	36	18.0	6.7	.276	.766	73	.456	.328	.313	22.5	52.5
374	 Realmuto, J.T.	2021	537	17	129	48	24.0	8.9	.263	.782	73	.416	.336	.335	27.0	49.5
375	 O'Neill, Tyler	2021	537	34	168	38	31.3	7.1	.286	.912	80	.579	.384	.344	34.7	49.8
376	 Happ, Ian	2021	535	25	156	62	29.2	11.6	.226	.757	66	.396	.328	.320	32.3	43.9
377	 Votto, Joey	2021	533	36	127	77	23.8	14.4	.266	.938	99	.592	.391	.383	29.4	43.9
378	 Tapia, Raimel	2021	533	6	70	40	13.1	7.5	.273	.699	50	.308	.305	.298	14.7	51.2
379	 Yastrzemski, Mike	2021	532	25	131	51	24.6	9.6	.224	.768	71	.431	.326	.309	24.2	45.9
380	 Sanó, Miguel	2021	532	30	183	59	34.4	11.1	.223	.778	75	.439	.332	.306	38.2	44.6
381	 Farmer, Kyle	2021	529	16	97	22	18.3	4.2	.263	.732	63	.383	.316	.306	20.0	49.9
382	 Hays, Austin	2021	529	22	107	28	20.2	5.3	.256	.769	71	.432	.328	.298	24.6	46.4
383	 Taylor, Michael A.	2021	528	12	144	33	27.3	6.3	.244	.653	54	.390	.286	.299	30.9	51.9
384	 Grisham, Trent	2021	527	15	119	54	22.6	10.2	.242	.740	62	.368	.320	.328	21.7	40.5
385	 Cabrera, Miguel	2021	526	15	118	40	22.4	7.6	.256	.702	75	.420	.305	.301	25.8	49.4
386	 Marte, Starling	2021	526	12	99	43	18.8	8.2	.310	.841	55	.438	.364	.354	24.4	49.5
387	 Lindor, Francisco	2021	524	20	96	58	18.3	11.1	.230	.734	63	.450	.317	.345	23.2	47.4
388	 Torres, Gleyber	2021	516	9	104	50	20.2	9.7	.259	.697	51	.423	.307	.336	26.3	46.7
389	 García, Avisaíl	2021	515	29	121	38	23.5	7.4	.262	.820	86	.514	.346	.346	33.7	58.1
390	 Lowrie, Jed	2021	512	14	108	49	21.1	9.6	.245	.716	69	.464	.311	.332	24.2	46.7
391	 Iglesias, Jose	2021	511	9	75	21	14.7	4.1	.271	.700	48	.366	.304	.308	18.9	55.0
392	 Solak, Nick	2021	511	11	107	34	20.9	6.7	.242	.676	49	.361	.299	.310	24.8	46.0
393	 Aguilar, Jesús	2021	510	22	93	46	18.2	9.0	.261	.788	93	.453	.334	.329	25.9	44.8
394	 Brantley Jr., Michael	2021	508	8	53	33	10.4	6.5	.311	.799	47	.466	.347	.365	10.9	45.6
395	 Chisholm Jr., Jazz	2021	507	18	145	34	28.6	6.7	.248	.728	53	.409	.312	.295	29.7	47.2
396	 Villar, Jonathan	2021	505	18	132	46	26.1	9.1	.249	.738	42	.388	.320	.310	30.1	49.9
397	 Ozuna, Marcell	2020	267	18	60	38	22.5	14.2	.338	1.067	56	.632	.444	.407	31.4	46.3
398	 Lindor, Francisco	2020	266	8	41	24	15.4	9.0	.258	.750	27	.441	.324	.356	20.3	48.9
399	 Merrifield, Whit	2020	265	9	33	12	12.5	4.5	.282	.765	30	.439	.329	.334	16.1	49.3
400	 Biggio, Cavan	2020	265	8	61	41	23.0	15.5	.250	.807	28	.343	.355	.345	23.0	36.3
401	 Swanson, Dansby	2020	264	10	71	22	26.9	8.3	.274	.809	35	.474	.348	.341	31.6	47.2
402	 Freeman, Freddie	2020	262	13	37	45	14.1	17.2	.341	1.102	53	.663	.456	.463	20.1	48.2
403	 Abreu, José	2020	262	19	59	18	22.5	6.9	.317	.987	60	.587	.411	.357	30.1	48.5
404	 Hernández, César	2020	261	3	57	24	21.8	9.2	.283	.763	20	.396	.335	.346	19.6	43.6
405	 Story, Trevor	2020	259	11	63	24	24.3	9.3	.289	.874	28	.457	.370	.323	25.7	45.8
406	 Turner, Trea	2020	259	12	36	22	13.9	8.5	.335	.982	41	.515	.413	.369	19.6	46.9
407	 Tatis Jr., Fernando	2020	257	17	61	27	23.7	10.5	.277	.937	45	.614	.392	.386	28.0	47.0
408	 Santana, Carlos	2020	255	8	43	47	16.9	18.4	.199	.699	30	.448	.316	.393	20.6	36.3
409	 Machado, Manny	2020	254	16	37	26	14.6	10.2	.304	.950	47	.540	.391	.372	21.7	46.7
410	 Ramírez, José	2020	254	17	43	31	16.9	12.2	.292	.993	46	.507	.415	.362	16.6	41.4
411	 Grisham, Trent	2020	252	10	64	31	25.4	12.3	.251	.808	26	.482	.349	.366	24.2	38.3
412	 Marte, Starling	2020	250	6	41	12	16.4	4.8	.281	.770	27	.420	.333	.326	25.2	52.7
413	 Muncy, Max	2020	248	12	60	39	24.2	15.7	.192	.720	27	.473	.316	.362	26.8	36.6
414	 Seager, Kyle	2020	248	9	33	32	13.3	12.9	.241	.788	40	.472	.338	.371	20.4	40.3
415	 Devers, Rafael	2020	248	11	67	13	27.0	5.2	.263	.793	43	.460	.337	.304	31.5	55.0
416	 Blackmon, Charlie	2020	247	6	44	19	17.8	7.7	.303	.804	42	.426	.340	.340	23.3	50.2
417	 Yelich, Christian	2020	247	12	76	46	30.8	18.6	.205	.786	22	.473	.343	.394	33.6	34.6
418	 Betts, Mookie	2020	246	16	38	24	15.4	9.8	.292	.928	39	.485	.390	.359	13.8	40.5
419	 Hiura, Keston	2020	246	13	85	16	34.6	6.5	.212	.707	32	.435	.304	.299	42.7	50.1
420	 Olson, Matt	2020	245	14	77	34	31.4	13.9	.195	.734	42	.453	.316	.336	34.8	42.7
421	 Harper, Bryce	2020	244	13	43	49	17.6	20.1	.268	.962	33	.658	.400	.451	28.6	45.9
422	 Rizzo, Anthony	2020	243	11	38	28	15.6	11.5	.222	.756	24	.413	.326	.383	19.3	42.5
423	 Walker, Christian	2020	243	7	50	19	20.6	7.8	.271	.792	34	.454	.339	.331	27.1	51.8
424	 Canha, Mark	2020	243	5	54	37	22.2	15.2	.246	.795	33	.415	.351	.387	24.0	38.0
425	 Franco, Maikel	2020	243	8	38	16	15.6	6.6	.278	.778	38	.398	.329	.305	24.6	49.9
426	 Bellinger, Cody	2020	243	12	42	30	17.3	12.3	.239	.788	30	.494	.337	.373	23.3	47.6
427	 Guerrero Jr., Vladimir	2020	243	9	38	20	15.6	8.2	.262	.791	33	.446	.338	.334	24.7	47.9
428	 Castellanos, Nick	2020	242	14	69	19	28.5	7.9	.225	.784	34	.545	.329	.343	34.2	51.8
429	 Lewis, Kyle	2020	242	11	71	34	29.3	14.0	.262	.801	28	.433	.349	.347	36.3	43.2
430	 McCutchen, Andrew	2020	241	10	48	22	19.9	9.1	.253	.757	34	.484	.327	.346	22.0	40.6
431	 Trout, Mike	2020	241	17	56	35	23.2	14.5	.281	.993	46	.612	.407	.405	19.5	36.7
432	 Reyes, Franmil	2020	241	9	69	24	28.6	10.0	.275	.794	34	.442	.341	.328	38.5	46.0
433	 Alonso, Pete	2020	239	16	61	24	25.5	10.0	.231	.816	35	.463	.342	.323	30.4	46.1
434	 Martinez, J.D.	2020	237	7	59	22	24.9	9.3	.213	.680	27	.443	.290	.306	28.1	51.9
435	 Gregorius, Didi	2020	237	10	28	15	11.8	6.3	.284	.827	40	.396	.348	.322	18.8	53.5
436	 Semien, Marcus	2020	236	7	50	25	21.2	10.6	.223	.679	23	.352	.299	.293	23.3	44.1
437	 Báez, Javier	2020	235	8	75	7	31.9	3.0	.203	.598	24	.380	.256	.251	37.8	53.2
438	 Voit III, Luke	2020	234	22	54	17	23.1	7.3	.277	.948	52	.586	.393	.340	27.6	52.1
439	 Mondesi, Adalberto	2020	233	6	70	11	30.0	4.7	.256	.710	22	.355	.305	.255	39.8	54.5
440	 Conforto, Michael	2020	233	9	57	24	24.5	10.3	.322	.927	31	.478	.401	.377	26.0	44.2
441	 Solak, Nick	2020	233	2	42	18	18.0	7.7	.268	.670	23	.388	.297	.326	19.1	43.8
442	 Rendon, Anthony	2020	232	9	31	38	13.4	16.4	.286	.915	31	.469	.395	.420	14.7	40.5
443	 Seager, Corey	2020	232	15	37	17	15.9	7.3	.307	.943	41	.656	.394	.381	25.8	55.6
444	 Crawford, J.P.	2020	232	2	39	23	16.8	9.9	.255	.674	24	.360	.303	.343	18.2	41.1
445	 Cabrera, Miguel	2020	231	10	51	24	22.1	10.4	.250	.746	35	.520	.323	.366	31.6	47.7
446	 Goldschmidt, Paul	2020	231	6	43	37	18.6	16.0	.304	.883	21	.510	.387	.403	23.7	40.6
447	 Grichuk, Randal	2020	231	12	49	13	21.2	5.6	.273	.793	35	.468	.334	.312	23.1	51.7
448	 Suárez, Eugenio	2020	231	15	67	30	29.0	13.0	.202	.782	38	.472	.332	.325	31.7	41.7
449	 Rosario, Eddie	2020	231	13	34	19	14.7	8.2	.257	.792	42	.437	.333	.307	22.6	51.9
450	 Alberto, Hanser	2020	231	3	30	5	13.0	2.2	.283	.699	22	.319	.301	.272	16.7	62.9
451	 Moncada, Yoán	2020	231	6	72	28	31.2	12.1	.225	.705	24	.336	.309	.306	30.5	43.1
452	 Happ, Ian	2020	231	12	63	30	27.3	13.0	.258	.866	28	.469	.369	.365	35.7	43.5
453	 Gurriel, Yuli	2020	230	6	27	12	11.7	5.2	.232	.658	22	.408	.281	.314	15.6	48.8
454	 Frazier, Adam	2020	230	7	35	17	15.2	7.4	.230	.661	23	.378	.291	.317	16.4	46.2
455	 Fletcher, David	2020	230	3	25	20	10.9	8.7	.319	.801	18	.351	.350	.352	8.6	37.2
456	 Anderson, Brian	2020	229	11	66	22	28.8	9.6	.255	.810	38	.426	.348	.321	34.4	49.1
457	 Davis, J.D.	2020	229	6	56	31	24.5	13.5	.247	.760	19	.424	.339	.376	29.3	44.9
458	 Calhoun, Kole	2020	228	16	50	28	21.9	12.3	.226	.864	40	.517	.362	.370	32.7	46.8
459	 La Stella, Tommy	2020	228	5	12	27	5.3	11.8	.281	.819	25	.423	.355	.366	11.2	38.1
460	 Kiner-Falefa, Isiah	2020	228	3	32	14	14.0	6.1	.280	.699	10	.340	.307	.312	15.8	47.4
461	 Tucker, Kyle	2020	228	9	46	18	20.2	7.9	.268	.837	42	.449	.349	.318	22.5	50.5
462	 Edman, Tommy	2020	227	5	48	16	21.1	7.0	.250	.685	26	.367	.302	.334	19.0	42.7
463	 Robert Jr., Luis	2020	227	11	73	20	32.2	8.8	.233	.738	31	.462	.316	.296	41.5	57.6
464	 Polanco, Jorge	2020	226	4	35	13	15.5	5.8	.258	.658	19	.381	.289	.308	16.8	43.7
465	 Gallo, Joey	2020	226	10	79	29	35.0	12.8	.181	.679	26	.415	.297	.308	37.4	43.6
466	 Jiménez, Eloy	2020	226	14	56	12	24.8	5.3	.296	.891	41	.540	.373	.317	29.2	54.4
467	 Yastrzemski, Mike	2020	225	10	55	30	24.4	13.3	.297	.968	35	.488	.407	.360	24.7	39.1
468	 Contreras, Willson	2020	225	7	57	20	25.3	8.9	.243	.763	26	.441	.336	.361	33.6	47.9
469	 Bogaerts, Xander	2020	225	11	41	21	18.2	9.3	.300	.866	28	.471	.368	.327	23.0	43.6
470	 Nimmo, Brandon	2020	225	8	43	33	19.1	14.7	.280	.888	18	.423	.387	.381	21.6	41.6
471	 Schwarber, Kyle	2020	224	11	66	30	29.5	13.4	.188	.701	24	.441	.307	.340	28.0	42.9
472	 Lowe, Brandon	2020	224	14	58	25	25.9	11.2	.269	.916	37	.550	.385	.356	35.7	46.9
473	 Gurriel Jr., Lourdes	2020	224	11	48	14	21.4	6.3	.308	.882	33	.486	.372	.325	26.3	51.2
474	 Votto, Joey	2020	223	11	43	37	19.3	16.6	.226	.800	22	.478	.347	.377	22.5	36.2
475	 Bell, Josh	2020	223	8	59	22	26.5	9.9	.226	.669	22	.381	.286	.308	33.6	45.9
476	 Pillar, Kevin	2020	223	6	41	13	18.4	5.8	.288	.798	26	.435	.341	.322	25.3	51.9
477	 Escobar, Eduardo	2020	222	4	41	15	18.5	6.8	.212	.605	20	.396	.257	.317	21.6	51.4
478	 Springer III, George	2020	222	14	38	24	17.1	10.8	.265	.899	32	.569	.379	.386	25.3	47.7
479	 Laureano, Ramón	2020	222	6	58	24	26.1	10.8	.213	.704	25	.403	.315	.353	25.0	40.2
480	 Correa, Carlos	2020	221	5	49	16	22.2	7.2	.264	.709	25	.402	.308	.319	24.4	47.1
481	 Anderson, Tim	2020	221	10	50	10	22.6	4.5	.322	.886	21	.501	.376	.324	30.9	55.2
482	 Verdugo, Alex	2020	221	6	45	17	20.4	7.7	.308	.845	15	.369	.362	.305	18.7	42.8
483	 Peralta, David	2020	218	5	45	13	20.6	6.0	.300	.772	34	.375	.333	.304	21.1	46.6
484	 Myers, Wil	2020	218	15	56	18	25.7	8.3	.288	.959	40	.589	.400	.351	25.9	42.6
485	 Segura, Jean	2020	217	7	45	23	20.7	10.6	.266	.769	25	.391	.333	.334	22.1	46.8
486	 Bradley Jr., Jackie	2020	217	7	48	23	22.1	10.6	.283	.814	22	.368	.352	.311	25.9	45.3
487	 Ahmed, Nick	2020	217	5	46	18	21.2	8.3	.266	.729	29	.377	.318	.310	27.4	48.2
488	 LeMahieu, DJ	2020	216	10	21	18	9.7	8.3	.364	1.011	27	.460	.429	.376	11.2	44.1
489	 Aguilar, Jesús	2020	216	8	40	23	18.5	10.6	.277	.809	34	.452	.347	.348	22.3	47.3
490	 Núñez, Renato	2020	216	12	64	17	29.6	7.9	.256	.816	31	.431	.347	.298	30.1	52.1
491	 Cruz Jr., Nelson	2020	214	16	58	25	27.1	11.7	.303	.992	33	.545	.411	.369	34.2	47.6
492	 Taylor, Chris	2020	214	8	55	26	25.7	12.1	.270	.842	32	.488	.364	.368	32.5	44.9
493	 Cabrera, Asdrúbal	2020	213	8	40	19	18.8	8.9	.242	.752	31	.429	.319	.307	20.5	46.1
494	 Flores, Wilmer	2020	213	12	36	13	16.9	6.1	.268	.830	32	.430	.347	.294	17.8	48.0
495	 Reyes, Victor	2020	213	4	45	9	21.1	4.2	.277	.706	14	.430	.307	.324	26.4	54.2
496	 Hicks, Aaron	2020	211	6	38	41	18.0	19.4	.225	.793	21	.435	.351	.405	27.9	39.4
497	 Reddick, Josh	2020	210	4	42	20	20.0	9.5	.245	.694	23	.360	.304	.319	22.6	46.5
498	 Altuve, Jose	2020	210	5	39	17	18.6	8.1	.219	.630	18	.349	.278	.296	20.2	50.0
499	 Pollock, AJ	2020	210	16	45	12	21.4	5.7	.276	.880	34	.499	.364	.312	24.4	47.7
500	 Dickerson, Corey	2020	210	7	35	15	16.7	7.1	.258	.713	17	.396	.308	.303	25.7	53.4
501	 Longoria, Evan	2020	209	7	39	11	18.7	5.3	.254	.722	28	.524	.308	.329	21.0	45.0
502	 Duvall, Adam	2020	209	16	54	15	25.8	7.2	.237	.833	33	.516	.348	.294	27.1	49.0
503	 McNeil, Jeff	2020	209	4	24	20	11.5	9.6	.311	.837	23	.407	.360	.355	17.5	57.0
504	 Wong, Kolten	2020	208	1	30	20	14.4	9.6	.265	.676	16	.306	.305	.324	15.8	43.9
505	 Reynolds, Bryan	2020	208	7	57	21	27.4	10.1	.189	.632	19	.403	.278	.310	27.7	46.8
506	 García, Avisaíl	2020	207	2	49	20	23.7	9.7	.238	.659	15	.375	.296	.339	34.7	54.6
507	 Villar, Jonathan	2020	207	2	54	19	26.1	9.2	.232	.593	15	.287	.266	.288	32.0	51.6
508	 Hernández, Teoscar	2020	207	16	63	14	30.4	6.8	.289	.919	34	.614	.384	.346	34.9	46.4
509	 Candelario, Jeimer	2020	206	7	49	20	23.8	9.7	.297	.872	29	.471	.373	.351	27.6	45.0
510	 Tapia, Raimel	2020	206	1	38	14	18.4	6.8	.321	.771	17	.325	.338	.305	18.7	51.1
511	 Riley, Austin	2020	206	8	49	16	23.8	7.8	.239	.716	27	.474	.307	.325	30.1	54.2
512	 Sanó, Miguel	2020	205	13	90	18	43.9	8.8	.204	.756	25	.483	.317	.288	42.6	47.3
513	 Adames, Willy	2020	205	8	74	20	36.1	9.8	.259	.813	23	.394	.347	.305	38.7	46.2
514	 Ruiz, Rio	2020	204	9	46	17	22.5	8.3	.222	.713	32	.356	.303	.277	27.3	52.0
515	 Solano, Donovan	2020	203	3	39	10	19.2	4.9	.326	.828	29	.417	.357	.320	22.0	51.9
516	 Profar, Jurickson	2020	202	7	28	15	13.9	7.4	.278	.771	25	.411	.335	.350	20.1	47.1
517	 White, Evan	2020	202	8	84	18	41.6	8.9	.176	.598	26	.387	.261	.269	38.0	43.8
518	 Acuña Jr., Ronald	2020	202	14	60	38	29.7	18.8	.250	.987	29	.591	.413	.409	29.9	40.5
519	 Arenado, Nolan	2020	201	8	20	15	10.0	7.5	.253	.737	26	.392	.308	.289	17.9	48.1
520	 Moran, Colin	2020	200	10	52	19	26.0	9.5	.247	.797	23	.479	.340	.332	28.0	49.9
521	 Gonzalez, Marwin	2020	199	5	41	17	20.6	8.5	.211	.606	22	.401	.269	.315	23.5	43.0
522	 Smith, Dominic	2020	199	10	45	14	22.6	7.0	.316	.993	42	.566	.412	.365	26.0	51.9
523	 Kepler, Max	2020	196	9	36	22	18.4	11.2	.228	.760	23	.425	.328	.349	21.2	44.8
524	 Soto, Juan	2020	196	13	28	41	14.3	20.9	.351	1.185	37	.696	.478	.475	21.4	36.2
525	 Realmuto, J.T.	2020	195	11	48	16	24.6	8.2	.266	.840	32	.498	.361	.331	29.8	45.3
526	 Marte, Ketel	2020	195	2	21	7	10.8	3.6	.287	.732	17	.381	.316	.309	14.1	45.0
527	 Grandal, Yasmani	2020	194	8	58	30	29.9	15.5	.230	.773	27	.403	.338	.334	30.7	34.1
528	 Crawford, Brandon	2020	193	8	47	15	24.4	7.8	.256	.791	28	.398	.334	.311	31.5	54.6
529	 González, Erik	2020	193	3	51	8	26.4	4.1	.227	.614	20	.396	.262	.276	32.0	53.4
530	 McMahon, Ryan	2020	193	9	66	18	34.2	9.3	.215	.714	26	.389	.308	.286	31.4	47.3
531	 Grossman, Robbie	2020	192	8	38	21	19.8	10.9	.241	.826	23	.399	.351	.344	18.4	43.4
532	 Cronenworth, Jake	2020	192	4	30	18	15.6	9.4	.285	.831	20	.535	.356	.383	16.7	39.8
533	 Lopez, Nicky	2020	192	1	41	18	21.4	9.4	.201	.552	13	.308	.254	.319	21.0	44.6
534	 Vázquez, Christian	2020	189	7	43	16	22.8	8.5	.283	.801	23	.358	.346	.289	22.9	47.6
535	 Arcia, Orlando	2020	189	5	32	14	16.9	7.4	.260	.733	20	.428	.317	.339	23.1	46.8
536	 Robles, Victor	2020	189	3	53	9	28.0	4.8	.220	.608	15	.280	.273	.284	27.1	50.3
537	 Brantley Jr., Michael	2020	187	5	28	17	15.0	9.1	.300	.840	22	.413	.362	.327	16.3	39.9
538	 Dozier, Hunter	2020	186	6	48	27	25.8	14.5	.228	.736	12	.385	.326	.351	30.9	41.9
